{
    "id": "asd",
    "types_of_events": [
        "Собрание"
    ],
    "skills": {

        "созданию и поддержанию пространства коллективной работы": {
            "know": 0.6563503295183182,
            "can": 0.6103343665599823,
            "master": 0.8779167532920837
        }
    }
}