{
    "id": "asd",
    "types_of_events": [
        "Собрание"
    ],
    "skills": {
        "является частью программы по созданию и поддержанию пространства коллективной работы": {
            "know": 0.6549652367830276,
            "can": 0.686057984828949,
            "master": 0.7092003524303436
        },
        "частью программы": {
            "know": 0.803216427564621,
            "can": 0.5607290528714657,
            "master": 0.7227222174406052
        },
        "частью программы по": {
            "know": 0.7334220260381699,
            "can": 0.625830739736557,
            "master": 0.7015209645032883
        },
        "частью программы по созданию": {
            "know": 0.6558949947357178,
            "can": 0.6338231861591339,
            "master": 0.7275702059268951
        },
        "частью программы по созданию и поддержанию пространства коллективной работы": {
            "know": 0.6311253607273102,
            "can": 0.6027437746524811,
            "master": 0.8467580378055573
        },
        "созданию и поддержанию пространства коллективной работы": {
            "know": 0.6563503295183182,
            "can": 0.6103343665599823,
            "master": 0.8779167532920837
        },
        "и поддержанию пространства коллективной": {
            "know": 0.5570041313767433,
            "can": 0.7847059667110443,
            "master": 0.7397157549858093
        },
        "и поддержанию пространства коллективной работы": {
            "know": 0.6735319644212723,
            "can": 0.7613858878612518,
            "master": 0.6957878768444061
        },
        "поддержанию пространства": {
            "know": 0.5711184293031693,
            "can": 0.4509427510201931,
            "master": 0.9406740069389343
        },
        "поддержанию пространства коллективной": {
            "know": 0.6186388209462166,
            "can": 0.4662003181874752,
            "master": 0.8604292273521423
        },
        "поддержанию пространства коллективной работы": {
            "know": 0.7687428891658783,
            "can": 0.547318872064352,
            "master": 0.7130242139101028
        },
        "пространства коллективной работы": {
            "know": 1.1741485595703125,
            "can": 0.3625505864620209,
            "master": 0.4982395153492689
        },
        "коллективной работы": {
            "know": 0.9887641072273254,
            "can": 0.39682644605636597,
            "master": 0.6108773946762085
        },
        "рамках федерального": {
            "know": 0.7180134505033493,
            "can": 0.4164927303791046,
            "master": 0.9944912791252136
        },
        "рамках федерального проекта": {
            "know": 0.7061117589473724,
            "can": 0.4462047182023525,
            "master": 0.8210216760635376
        },
        "поддержке Министерства науки": {
            "know": 0.8064950406551361,
            "can": 0.5872499942779541,
            "master": 0.6216417402029037
        }
    }
}