{
    "id": "asd",
    "types_of_events": [
        "Собрание"
    ],
    "skills": {
        "обсуждения дорожной карты": {
            "know": 0.9864153933525085,
            "can": 0.33808964490890503,
            "master": 0.49816529266536236
        }
    }
}