{
    "id": "asd",
    "types_of_events": [
        "Собрание"
    ],
    "skills": {
        "обсуждения дорожной": {
            "know": 0.9773342907428741,
            "can": 0.4886174025014043,
            "master": 0.5163692515343428
        },
        "обсуждения дорожной карты": {
            "know": 1.1664153933525085,
            "can": 0.33808964490890503,
            "master": 0.49816529266536236
        },
        "дорожной карты": {
            "know": 0.9328848719596863,
            "can": 0.3632245659828186,
            "master": 0.5533884614706039
        }
    }
}